seed_id,author_name,status,method,confidence,qid,wikidata_label,wikidata_description,note
1,Gabriel García Márquez,matched,exact_label,0.982,Q5878,Gabriel García Márquez,Colombian writer and Nobel laureate (1927–2014),
2,Isabel Allende,matched,exact_label,0.95,Q83566,Isabel Allende,Chilean writer (born 1942),
3,Jorge Luis Borges,matched,exact_label,0.979,Q909,Jorge Luis Borges,"Argentine writer, essayist, poet and translator (1899–1986)",
4,Julio Cortázar,matched,exact_label,0.946,Q174210,Julio Cortázar,Argentine writer and translator (1914–1984),
5,Mario Vargas Llosa,matched,exact_label,0.962,Q39803,Mario Vargas Llosa,"Peruvian, Spanish and Dominican novelist and writer (1936–2025)",
6,Miguel de Cervantes,matched,exact_label,0.99,Q5682,Miguel de Cervantes,"Spanish novelist, poet, and playwright (1547-1616)",
7,Federico García Lorca,matched,exact_label,0.966,Q41408,Federico García Lorca,"Spanish poet, dramatist and prose writer (1898–1936)",
8,Benito Pérez Galdós,matched,exact_label,0.936,Q189869,Benito Pérez Galdós,Spanish realist novelist (1843–1920),
9,Emilia Pardo Bazán,matched,exact_label,0.913,Q275929,Emilia Pardo Bazán,"Spanish author, editor (1851–1922)",
10,Rosalía de Castro,matched,exact_label,0.928,Q464264,Rosalía de Castro,Galician poet and writer (1837-1885),
11,Mercè Rodoreda,matched,exact_label,0.928,Q234663,Mercè Rodoreda,Spanish writer (1908-1983),
12,Carmen Laforet,matched,exact_label,0.899,Q269123,Carmen Laforet,Spanish author (1921-2004),
13,Camilo José Cela,matched,exact_label,0.95,Q132589,Camilo José Cela,Spanish writer (1916–2002),
14,Arturo Pérez-Reverte,matched,exact_label,0.918,Q155106,Arturo Pérez-Reverte,Spanish writer and journalist,
15,Almudena Grandes,matched,exact_label,0.903,Q274348,Almudena Grandes,Spanish writer (1960-2021),
16,Carlos Ruiz Zafón,matched,exact_label,0.931,Q296752,Carlos Ruiz Zafón,Spanish writer (1964-2020),
17,Juan Gómez-Jurado,matched,exact_label,0.861,Q1634870,Juan Gómez-Jurado,journalist,
18,José Saramago,matched,exact_label,0.964,Q37060,José Saramago,Portuguese novelist (1922–2010),
19,Fernando Pessoa,matched,exact_label,0.953,Q173481,Fernando Pessoa,"Portuguese poet, writer, and philosopher (1888–1935); creator of the heteronymic system including Alberto Caeiro, Ricardo Reis, Álvaro de Campos, and Bernardo Soares",
20,Pablo Neruda,matched,exact_label,0.973,Q34189,Pablo Neruda,Chilean poet and politician (1904-1973),
21,Gabriela Mistral,matched,exact_label,0.96,Q80871,Gabriela Mistral,"Chilean poet, diplomat and educator (1889–1957)",
22,Roberto Bolaño,matched,exact_label,0.924,Q297532,Roberto Bolaño,Chilean author,
23,Laura Esquivel,matched,exact_label,0.919,Q230586,Laura Esquivel,Mexican writer,
24,Elena Poniatowska,matched,exact_label,0.909,Q261397,Elena Poniatowska,French-born Mexican journalist and author,
25,Octavio Paz,matched,exact_label,0.959,Q46739,Octavio Paz,"Mexican writer, poet an diplomat (1914–1998)",
26,Juan Rulfo,matched,exact_label,0.928,Q200661,Juan Rulfo,Mexican writer (1917–1986),
27,Carlos Fuentes,matched,exact_label,0.941,Q154691,Carlos Fuentes,Mexican writer (1928–2012),
28,Rosario Castellanos,matched,exact_label,0.915,Q260862,Rosario Castellanos,Mexican writer (1925-1974),
29,Ángeles Mastretta,matched,exact_label,0.87,Q252088,Ángeles Mastretta,Mexican writer,
30,Valeria Luiselli,matched,exact_label,0.888,Q15449810,Valeria Luiselli,Mexican writer,
31,Mariana Enríquez,matched,exact_label,0.888,Q5997426,Mariana Enriquez,"Argentine journalist, novelist, and short story writer",
32,Samanta Schweblin,matched,exact_label,0.896,Q7408607,Samanta Schweblin,Argentine author (1978-),
33,César Aira,matched,exact_label,0.898,Q166590,César Aira,Argentine writer and translator,
34,Silvina Ocampo,matched,exact_label,0.91,Q442829,Silvina Ocampo,Argentine writer (1903–1993),
35,Adolfo Bioy Casares,matched,exact_label,0.92,Q298035,Adolfo Bioy Casares,Argentine novelist (1914-1999),
36,Manuel Puig,matched,exact_label,0.909,Q284560,Manuel Puig,Argentine writer (1932-1990),
37,Clarice Lispector,matched,exact_label,0.931,Q235955,Clarice Lispector,"Ukrainian-Brazilian writer, poet, and journalist (1920–1977)",
38,Jorge Amado,matched,exact_label,0.941,Q184440,Jorge Amado,Brazilian writer (1912-2001),
39,Machado de Assis,matched,exact_label,0.933,Q311145,Machado de Assis,Brazilian writer (1839–1908),
40,Paulo Coelho,matched,exact_label,0.963,Q12881,Paulo Coelho,Brazilian lyricist and novelist (born 1947),
41,Lygia Fagundes Telles,matched,exact_label,0.898,Q465421,Lygia Fagundes Telles,Brazilian novelist and short-story writer (1918–2022),
42,Graciliano Ramos,matched,exact_label,0.888,Q1392121,Graciliano Ramos,Brazilian writer and mayor (1892-1953),
43,Érico Veríssimo,matched,exact_label,0.88,Q288501,Erico Verissimo,Brazilian writer (1905–1975),
44,João Guimarães Rosa,matched,alias,0.83,Q13012,Guimarães Rosa,Brazilian novelist (1908-1967),
45,José de Alencar,matched,exact_label,0.911,Q455703,José de Alencar,Brazilian writer (1829–1877),
46,Eça de Queirós,matched,alias,0.845,Q316327,José Maria de Eça de Queirós,Portuguese writer and diplomat (1845–1900),
47,Camilo Castelo Branco,matched,exact_label,0.9,Q365423,Camilo Castelo Branco,19th-century Portuguese writer (1825–1890),
48,António Lobo Antunes,matched,exact_label,0.914,Q333849,António Lobo Antunes,Portuguese writer (1942-2026),
49,Lídia Jorge,matched,exact_label,0.878,Q450913,Lídia Jorge,Portuguese writer,
50,Mia Couto,matched,exact_label,0.907,Q382101,Mia Couto,Mozambican writer,
51,Pepetela,matched,exact_label,0.888,Q736858,Pepetela,Angolan writer,
52,Luandino Vieira,matched,alias,0.795,Q558950,José Luandino Vieira,Angolan writer,
53,José Eduardo Agualusa,matched,exact_label,0.909,Q363927,José Eduardo Agualusa,"Angolan journalist, writer",
54,Ana María Matute,matched,exact_label,0.91,Q235403,Ana María Matute,Spanish writer,
55,Miguel Delibes,matched,exact_label,0.913,Q157326,Miguel Delibes,Spanish writer (1920–2010),
56,Antonio Muñoz Molina,matched,exact_label,0.903,Q450335,Antonio Muñoz Molina,Spanish writer (born 1956),
57,Javier Marías,matched,exact_label,0.916,Q299161,Javier Marías,Spanish writer (1951–2022),
58,Enrique Vila-Matas,matched,exact_label,0.899,Q372313,Enrique Vila-Matas,Spanish writer,
59,Manuel Vázquez Montalbán,matched,exact_label,0.908,Q316884,Manuel Vázquez Montalbán,Spanish writer (1939-2003),
60,Eduardo Mendoza,matched,exact_label,0.907,Q72541,Eduardo Mendoza Garriga,Spanish writer,
61,Rosa Montero,matched,exact_label,0.906,Q1187562,Rosa Montero,Spanish writer,
62,Elvira Lindo,matched,exact_label,0.922,Q237058,Elvira Lindo,Spanish writer,
63,Carmen Martín Gaite,matched,exact_label,0.891,Q268582,Carmen Martín Gaite,Spanish writer (1925-2000),
64,Luis Mateo Díez,matched,exact_label,0.865,Q9025225,Luis Mateo Díez,Spanish writer,
65,Juan Marsé,matched,exact_label,0.904,Q460109,Juan Marsé,Spanish writer (1933–2020),
66,Max Aub,matched,exact_label,0.891,Q356546,Max Aub,Spanish writer (1903–1972),
67,Ramón María del Valle-Inclán,matched,exact_label,0.919,Q311001,Ramón María del Valle-Inclán,Spanish author (1866-1936),
68,Pío Baroja,matched,exact_label,0.925,Q220980,Pío Baroja,Spanish writer (1872-1956),
69,Azorín,matched,exact_label,0.907,Q443403,José Martínez Ruiz,"Spanish novelist, essayist and literary critic (1873–1967)",
70,Leopoldo Alas Clarín,matched,exact_label,0.916,Q312747,Leopoldo Alas,Spanish author (1852–1901),
71,Gustavo Adolfo Bécquer,matched,exact_label,0.939,Q203715,Gustavo Adolfo Bécquer,Spanish poet,
72,Francisco de Quevedo,matched,exact_label,0.942,Q201315,Francisco Quevedo,Spanish writer (1580-1645),
73,Lope de Vega,matched,exact_label,0.96,Q165257,Lope de Vega,Spanish playwright and poet (1562-1635),
74,Calderón de la Barca,matched,alias,0.873,Q170800,Pedro Calderón de la Barca,Spanish dramatist (1600-1681),
75,Tirso de Molina,matched,exact_label,0.926,Q295598,Tirso de Molina,Spanish writer (c. 1583-c.1648),
76,Sor Juana Inés de la Cruz,matched,exact_label,0.938,Q183074,Sor Juana Inés de la Cruz,"Mexican writer, philosopher, playwright and poet",
77,Inca Garcilaso de la Vega,matched,exact_label,0.922,Q334711,Inca Garcilaso de la Vega,Spanish chronicler (1539-1616),
78,José Martí,matched,exact_label,0.95,Q103285,José Martí,"Cuban poet, philosopher and nationalist (1853-1895)",
79,Rubén Darío,matched,exact_label,0.939,Q173767,Rubén Darío,"Nicaraguan poet, journalist and diplomat (1867–1916)",
80,Alfonsina Storni,matched,exact_label,0.924,Q238557,Alfonsina Storni,Argentine writer and poet,
81,Alejandra Pizarnik,matched,exact_label,0.915,Q272441,Alejandra Pizarnik,Argentinian poet (1936-1972),
82,Idea Vilariño,matched,exact_label,0.884,Q129533,Idea Vilariño,"Uruguayan poet, essayist and literary critic (1920-2009)",
83,Mario Benedetti,matched,exact_label,0.917,Q16285,Mario Benedetti,"Uruguayan journalist, novelist, and poet (1920-2009)",
84,Eduardo Galeano,matched,exact_label,0.936,Q44575,Eduardo Galeano,Uruguayan writer and journalist (1940–2015),
85,Juan Carlos Onetti,matched,exact_label,0.914,Q16873,Juan Carlos Onetti,Uruguayan novelist (1909-1994),
86,Horacio Quiroga,matched,exact_label,0.911,Q16864,Horacio Quiroga,"Uruguayan playwright, poet, and short story writer (1878–1937)",
87,José Hernández,matched,exact_label,0.909,Q377623,José Hernández,Argentine writer (1834-1886),
88,Domingo Faustino Sarmiento,matched,exact_label,0.923,Q254041,Domingo Faustino Sarmiento,Argentinian politician and writer (1811-1888),
89,Ricardo Güiraldes,matched,exact_label,0.893,Q629931,Ricardo Güiraldes,Argentine writer (1886-1927),
90,José Donoso,matched,exact_label,0.898,Q439761,José Donoso,Chilean author and journalist (1924-1996),
91,Diamela Eltit,matched,exact_label,0.87,Q2032745,Diamela Eltit,Chilean writer (born 1947),
92,Nicanor Parra,matched,exact_label,0.92,Q360832,Nicanor Parra,"Chilean writer, poet, mathematician, and physicist (1914-2018)",
93,Vicente Huidobro,matched,exact_label,0.902,Q117018,Vicente Hohoneo,colombian poet,
94,Roberto Arlt,matched,exact_label,0.896,Q188838,Roberto Arlt,Argentine writer,
95,Ernesto Sabato,matched,exact_label,0.936,Q186630,Ernesto Sabato,"Argentine writer, painter and physicist (1911-2011)",
96,Manuel Rivas,matched,exact_label,0.89,Q2320966,Manuel Rivas,Galician writer and journalist,
97,Suso de Toro,matched,exact_label,0.85,Q2881513,Suso de Toro,Spanish writer,
98,Bernardo Atxaga,matched,exact_label,0.908,Q221771,Bernardo Atxaga,"Basque-language writer from Gipuzkoa, Spain",
99,Kirmen Uribe,matched,exact_label,0.865,Q605664,Kirmen Uribe,Spanish writer,
100,Ildefonso Falcones,matched,exact_label,0.888,Q555888,Ildefonso Falcones,Spanish writer,
101,J. K. Rowling,matched,exact_label,0.976,Q34660,J. K. Rowling,English author (born 1965),
102,Robert Galbraith,matched,alias,0.896,Q34660,J. K. Rowling,English author (born 1965),
103,George Orwell,matched,exact_label,0.983,Q3335,George Orwell,British writer and journalist (1903–1950),
104,Mary Shelley,matched,exact_label,0.963,Q47152,Mary Shelley,English writer (1797–1851),
105,Jane Austen,matched,exact_label,0.981,Q36322,Jane Austen,"author, novelist, writer (1775–1817)",
106,Charles Dickens,matched,exact_label,0.99,Q5686,Charles Dickens,English novelist and social critic (1812–1870),
107,Virginia Woolf,matched,exact_label,0.975,Q40909,Virginia Woolf,English modernist writer (1882–1941),
108,Agatha Christie,matched,exact_label,0.98,Q35064,Agatha Christie,English mystery and detective writer (1890–1976),
109,Stephen King,matched,exact_label,0.967,Q39829,Stephen King,American novelist and writer (born 1947),
110,J. R. R. Tolkien,matched,exact_label,0.981,Q892,J. R. R. Tolkien,English writer and philologist (1892–1973),
111,C. S. Lewis,matched,exact_label,0.962,Q9204,C. S. Lewis,"British writer, lay theologian, and scholar (1898–1963)",
112,Lewis Carroll,matched,exact_label,0.97,Q38082,Lewis Carroll,British author and scholar (1832–1898),
113,Charles Lutwidge Dodgson,matched,alias,0.89,Q38082,Lewis Carroll,British author and scholar (1832–1898),
114,Mark Twain,matched,exact_label,0.99,Q7245,Mark Twain,American author and humorist (1835–1910),
115,Samuel Clemens,matched,alias,0.91,Q7245,Mark Twain,American author and humorist (1835–1910),
116,William Shakespeare,matched,exact_label,1.0,Q692,William Shakespeare,English playwright and poet (1564–1616),
117,Geoffrey Chaucer,matched,exact_label,0.976,Q5683,Geoffrey Chaucer,14th century English poet and author (1343–1400),
118,John Milton,matched,exact_label,0.969,Q79759,John Milton,English poet and civil servant (1608–1674),
119,Daniel Defoe,matched,exact_label,0.966,Q40946,Daniel Defoe,"English trader, writer, and journalist (1660–1731)",
120,Jonathan Swift,matched,exact_label,0.971,Q41166,Jonathan Swift,Anglo-Irish satirist and essayist (1667–1745),
121,Laurence Sterne,matched,exact_label,0.94,Q218960,Laurence Sterne,Anglo-Irish novelist and Anglican cleric (1713–1768),
122,Samuel Johnson,matched,exact_label,0.963,Q183266,Samuel Johnson,English writer and lexicographer (1709–1784),
123,Ann Radcliffe,matched,exact_label,0.929,Q231944,Ann Radcliffe,English author and pioneer of the Gothic novel (1764–1823),
124,Walter Scott,matched,exact_label,0.965,Q79025,Walter Scott,"Scottish novelist, poet and playwright (1771–1832)",
125,Mary Wollstonecraft,matched,exact_label,0.961,Q101638,Mary Wollstonecraft,English writer and intellectual (1759–1797),
126,William Blake,matched,exact_label,0.971,Q41513,William Blake,English poet and artist (1757–1827),
127,William Wordsworth,matched,exact_label,0.965,Q45546,William Wordsworth,English Romantic poet (1770–1850),
128,Samuel Taylor Coleridge,matched,exact_label,0.959,Q82409,Samuel Taylor Coleridge,"English poet, literary critic and philosopher (1772–1834)",
129,Lord Byron,matched,exact_label,0.984,Q5679,Lord Byron,English Romantic poet and lyricist (1788–1824),
130,Percy Bysshe Shelley,matched,exact_label,0.966,Q93343,Percy Bysshe Shelley,British Romantic poet (1792–1822),
131,John Keats,matched,exact_label,0.966,Q82083,John Keats,English Romantic poet (1795–1821),
132,Elizabeth Barrett Browning,matched,exact_label,0.946,Q228494,Elizabeth Barrett Browning,English poet (1806–1861),
133,Robert Browning,matched,exact_label,0.95,Q233265,Robert Browning,English poet and playwright (1812–1889),
134,Christina Rossetti,matched,exact_label,0.933,Q236596,Christina Rossetti,English poet (1830–1894),
135,George Eliot,matched,exact_label,0.964,Q131333,George Eliot,"English novelist, essayist, poet and journalist (1819–1880)",
136,Mary Ann Evans,matched,alias,0.884,Q131333,George Eliot,"English novelist, essayist, poet and journalist (1819–1880)",
137,Thomas Hardy,matched,exact_label,0.958,Q132805,Thomas Hardy,English novelist and poet (1840–1928),
138,Oscar Wilde,matched,exact_label,0.985,Q30875,Oscar Wilde,"Irish poet, playwright, and aesthete (1854-1900)",
139,Bram Stoker,matched,exact_label,0.953,Q36184,Bram Stoker,Irish novelist and short story writer (1847–1912),
140,Arthur Conan Doyle,matched,exact_label,0.977,Q35610,Arthur Conan Doyle,British writer and physician (1859–1930),
141,H. G. Wells,matched,exact_label,0.973,Q42511,H. G. Wells,English writer (1866–1946),
142,Joseph Conrad,matched,exact_label,0.961,Q82925,Joseph Conrad,Polish-British writer (1857–1924),
143,Henry James,matched,exact_label,0.95,Q170509,Henry James,American and British writer (1843–1916),
144,Edith Wharton,matched,exact_label,0.946,Q276032,Edith Wharton,American writer and designer (1862–1937),
145,Willa Cather,matched,exact_label,0.931,Q229480,Willa Cather,American writer (1873–1947),
146,Jack London,matched,exact_label,0.967,Q45765,Jack London,"American author, journalist and social activist (1876–1916)",
147,Herman Melville,matched,exact_label,0.962,Q4985,Herman Melville,American writer and poet (1819–1891),
148,Nathaniel Hawthorne,matched,exact_label,0.957,Q69339,Nathaniel Hawthorne,American author (1804–1864),
149,Edgar Allan Poe,matched,exact_label,0.985,Q16867,Edgar Allan Poe,American writer and literary critic (1809–1849),
150,Louisa May Alcott,matched,exact_label,0.955,Q185696,Louisa May Alcott,American novelist (1832–1888),
151,Harriet Beecher Stowe,matched,exact_label,0.958,Q102513,Harriet Beecher Stowe,American abolitionist and author (1811–1896),
152,Emily Dickinson,matched,exact_label,0.967,Q4441,Emily Dickinson,American poet (1830-1886),
153,Walt Whitman,matched,exact_label,0.968,Q81438,Walt Whitman,"American poet, essayist and journalist (1819–1892)",
154,Henry David Thoreau,matched,exact_label,0.966,Q131149,Henry David Thoreau,"American essayist, poet, and philosopher (1817–1862)",
155,Ralph Waldo Emerson,matched,exact_label,0.969,Q48226,Ralph Waldo Emerson,American philosopher (1803–1882),
156,L. M. Montgomery,matched,alias,0.853,Q273034,Lucy Maud Montgomery,Canadian writer (1874–1942),
157,Frances Hodgson Burnett,matched,exact_label,0.937,Q276028,Frances Hodgson Burnett,English-American playwright and author (1849–1924),
158,Rudyard Kipling,matched,exact_label,0.978,Q34743,Rudyard Kipling,English writer and poet (1865–1936),
159,E. M. Forster,matched,exact_label,0.944,Q189119,E. M. Forster,English novelist (1879-1970),
160,D. H. Lawrence,matched,exact_label,0.953,Q34970,D. H. Lawrence,English writer and poet (1885–1930),
161,James Joyce,matched,exact_label,0.982,Q6882,James Joyce,Irish novelist and poet (1882–1941),
162,W. B. Yeats,matched,alias,0.889,Q40213,William Butler Yeats,Irish poet and playwright (1865–1939),
163,T. S. Eliot,matched,exact_label,0.97,Q37767,T. S. Eliot,US-British poet (1888–1965),
164,F. Scott Fitzgerald,matched,exact_label,0.959,Q93354,F. Scott Fitzgerald,American writer (1896–1940),
165,Ernest Hemingway,matched,exact_label,0.982,Q23434,Ernest Hemingway,American author and journalist (1899–1961),
166,William Faulkner,matched,exact_label,0.967,Q38392,William Faulkner,American writer (1897-1962),
167,John Steinbeck,matched,exact_label,0.967,Q39212,John Steinbeck,American writer (1902–1968),
168,Zora Neale Hurston,matched,exact_label,0.933,Q220480,Zora Neale Hurston,"African American folklorist, novelist, short story writer, and Civic Rights advocate (1891–1960)",
169,Langston Hughes,matched,exact_label,0.944,Q188093,Langston Hughes,American writer and social activist (1901–1967),
170,Richard Wright,matched,exact_label,0.922,Q319820,Richard Wright,American novelist and poet (1908–1960),
171,Ralph Ellison,matched,exact_label,0.922,Q299965,Ralph Ellison,"American novelist, literary critic, scholar and writer (1914-1994)",
172,James Baldwin,matched,exact_label,0.941,Q273210,James Baldwin,American writer (1924–1987),
173,Flannery O'Connor,matched,exact_label,0.926,Q234579,Flannery O'Connor,American writer (1925–1964),
174,Shirley Jackson,matched,exact_label,0.915,Q239910,Shirley Jackson,American writer (1916-1965),
175,Sylvia Plath,matched,exact_label,0.955,Q133054,Sylvia Plath,American poet and writer (1932–1963),
176,Harper Lee,matched,exact_label,0.954,Q182658,Harper Lee,American novelist (1926–2016),
177,J. D. Salinger,matched,exact_label,0.957,Q79904,J. D. Salinger,American author (1919–2010),
178,Kurt Vonnegut,matched,exact_label,0.959,Q49074,Kurt Vonnegut,American author (1922–2007),
179,Ray Bradbury,matched,exact_label,0.958,Q40640,Ray Bradbury,American author and screenwriter (1920–2012),
180,Ursula K. Le Guin,matched,exact_label,0.955,Q181659,Ursula K. Le Guin,American fantasy and science fiction author (1929–2018),
181,Philip K. Dick,matched,exact_label,0.949,Q171091,Philip K. Dick,American science fiction author (1928–1982),
182,Isaac Asimov,matched,exact_label,0.972,Q34981,Isaac Asimov,American writer and biochemist (1920–1992),
183,Arthur C. Clarke,matched,exact_label,0.961,Q47087,Arthur C. Clarke,"British science fiction writer, inventor, and futurist (1917–2008)",
184,Frank Herbert,matched,exact_label,0.947,Q7934,Frank Herbert,American writer (1920–1986),
185,Octavia E. Butler,matched,exact_label,0.922,Q239739,Octavia E. Butler,American science fiction writer (1947-2006),
186,Toni Morrison,matched,exact_label,0.963,Q72334,Toni Morrison,"African American novelist, essayist, and academic (1931–2019)",
187,Alice Walker,matched,exact_label,0.949,Q215868,Alice Walker,American author and activist (born 1944),
188,Maya Angelou,matched,exact_label,0.966,Q19526,Maya Angelou,"American poet, author, and civil rights activist (1928–2014)",
189,Joan Didion,matched,exact_label,0.925,Q267691,Joan Didion,American writer (1934-2021),
190,Margaret Atwood,matched,exact_label,0.955,Q183492,Margaret Atwood,"Canadian poet, novelist, literary critic, essayist, teacher, environmental activist, pépiniériste and inventor (born 1939)",
191,Alice Munro,matched,exact_label,0.961,Q234819,Alice Munro,Canadian writer (1931–2024),
192,Michael Ondaatje,matched,exact_label,0.922,Q313593,Michael Ondaatje,Canadian novelist and poet (born 1943),
193,Salman Rushdie,matched,exact_label,0.961,Q44306,Salman Rushdie,Indian-born English and American novelist (born 1947),
194,Kazuo Ishiguro,matched,exact_label,0.957,Q272855,Kazuo Ishiguro,British novelist (born 1954),
195,Ian McEwan,matched,exact_label,0.931,Q190379,Ian McEwan,British author (born 1948),
196,Hilary Mantel,matched,exact_label,0.926,Q465700,Hilary Mantel,British writer (1952–2022),
197,Zadie Smith,matched,exact_label,0.929,Q140052,Zadie Smith,"English novelist, essayist and short story writer (born 1975)",
198,Martin Amis,matched,exact_label,0.928,Q310176,Martin Amis,British novelist (1949–2023),
199,Julian Barnes,matched,exact_label,0.931,Q295431,Julian Barnes,English writer (born 1946),
200,Jeanette Winterson,matched,exact_label,0.916,Q233584,Jeanette Winterson,English writer,
201,A. S. Byatt,matched,exact_label,0.926,Q232417,A. S. Byatt,British writer (1936–2023),
202,Doris Lessing,matched,exact_label,0.963,Q40874,Doris Lessing,"British novelist, poet, playwright, librettist, biographer, and short story writer (1919–2013)",
203,Nadine Gordimer,matched,exact_label,0.96,Q47619,Nadine Gordimer,South African writer (1923–2014),
204,J. M. Coetzee,matched,exact_label,0.957,Q43293,J. M. Coetzee,South African and Australian writer and scholar (born 1940),
205,Chinua Achebe,matched,exact_label,0.953,Q155845,Chinua Achebe,"Nigerian novelist, poet, professor, and critic (1930-2013)",
206,Ngũgĩ wa Thiong'o,matched,exact_label,0.943,Q302910,Ngũgĩ wa Thiong'o,Kenyan writer (1938–2025),
207,Wole Soyinka,matched,exact_label,0.955,Q41488,Wole Soyinka,Nigerian writer (born 1934),
208,Chimamanda Ngozi Adichie,matched,exact_label,0.949,Q230141,Chimamanda Ngozi Adichie,Nigerian writer (born 1977),
209,Ben Okri,matched,exact_label,0.919,Q315362,Ben Okri,Nigerian-born British poet and novelist (1959-),
210,Buchi Emecheta,matched,exact_label,0.917,Q461675,Buchi Emecheta,Nigerian writer (1944–2017),
211,Tsitsi Dangarembga,matched,exact_label,0.919,Q270837,Tsitsi Dangarembga,Zimbabwean author and filmmaker,
212,Yaa Gyasi,matched,exact_label,0.903,Q27757818,Yaa Gyasi,Ghanaian-American novelist,
213,Ta-Nehisi Coates,matched,exact_label,0.899,Q15452495,Ta-Nehisi Coates,"American writer, journalist, and educator",
214,Colson Whitehead,matched,exact_label,0.91,Q509662,Colson Whitehead,American novelist (born 1969),
215,Cormac McCarthy,matched,exact_label,0.937,Q272610,Cormac McCarthy,"American novelist, playwright, and screenwriter (1933–2023)",
216,Don DeLillo,matched,exact_label,0.924,Q310048,Don DeLillo,"American novelist, playwright and essayist (born 1936)",
217,Thomas Pynchon,matched,exact_label,0.939,Q35155,Thomas Pynchon,American novelist (born 1937),
218,David Foster Wallace,matched,exact_label,0.926,Q313246,David Foster Wallace,American fiction writer and essayist (1962–2008),
219,Jonathan Franzen,matched,exact_label,0.92,Q316607,Jonathan Franzen,American writer,
220,Donna Tartt,matched,exact_label,0.928,Q255339,Donna Tartt,American writer,
221,Fyodor Dostoevsky,matched,alias,0.911,Q991,Fyodor Dostoyevsky,Russian novelist (1821–1881),
222,Leo Tolstoy,matched,exact_label,0.995,Q7243,Leo Tolstoy,Russian author (1828–1910),
223,Anton Chekhov,matched,exact_label,0.988,Q5685,Anton Chekhov,Russian dramatist and author (1860–1904),
224,Franz Kafka,matched,exact_label,0.989,Q905,Franz Kafka,Bohemian writer from Prague (1883–1924),
225,Albert Camus,matched,exact_label,0.981,Q34670,Albert Camus,"French philosopher, author, and journalist (1913–1960)",
226,Victor Hugo,matched,exact_label,0.993,Q535,Victor Hugo,"French novelist, poet, dramatist and politician (1802–1885)",
227,Alexandre Dumas,matched,exact_label,0.974,Q38337,Alexandre Dumas,French writer and dramatist (1802–1870),
228,Émile Zola,matched,exact_label,0.972,Q504,Émile Zola,"French novelist, journalist, playwright, and poet (1840–1902)",
229,Gustave Flaubert,matched,exact_label,0.971,Q43444,Gustave Flaubert,French novelist (1821–1880),
230,Honoré de Balzac,matched,exact_label,0.975,Q9711,Honoré de Balzac,French novelist and playwright (1799–1850),
231,Stendhal,matched,exact_label,0.964,Q502,Stendhal,French writer (1783–1842),
232,Marcel Proust,matched,exact_label,0.978,Q7199,Marcel Proust,"French novelist, critic and essayist (1871–1922)",
233,Jules Verne,matched,exact_label,0.978,Q33977,Jules Verne,French writer (1828–1905),
234,Guy de Maupassant,matched,exact_label,0.969,Q9327,Guy de Maupassant,French writer (1850-1893),
235,Molière,matched,exact_label,0.986,Q687,Molière,French playwright and actor (1622–1673),
236,Jean Racine,matched,exact_label,0.958,Q742,Jean Racine,French dramatist (1639-1699),
237,Pierre Corneille,matched,exact_label,0.954,Q747,Pierre Corneille,French tragedian (1606–1684),
238,Voltaire,matched,exact_label,0.991,Q9068,Voltaire,"French writer, historian and philosopher (1694–1778)",
239,Jean-Jacques Rousseau,matched,exact_label,0.987,Q6527,Jean-Jacques Rousseau,"Genevan philosopher, writer, and composer (1712-1778)",
240,Denis Diderot,matched,exact_label,0.968,Q448,Denis Diderot,French Enlightenment philosopher writer and encyclopædist (1713–1784),
241,Simone de Beauvoir,matched,exact_label,0.977,Q7197,Simone de Beauvoir,"French philosopher, social theorist and activist (1908–1986)",
242,Jean-Paul Sartre,matched,exact_label,0.981,Q9364,Jean-Paul Sartre,French existentialist philosopher (1905–1980),
243,Marguerite Duras,matched,exact_label,0.941,Q153248,Marguerite Duras,French writer and film director (1914-1996),
244,Annie Ernaux,matched,exact_label,0.947,Q1153825,Annie Ernaux,French writer (born 1940),
245,Patrick Modiano,matched,exact_label,0.951,Q222944,Patrick Modiano,French writer,
246,Michel Houellebecq,matched,exact_label,0.942,Q103114,Michel Houellebecq,French writer,
247,Colette,matched,exact_label,0.945,Q218679,Colette,French novelist (1873–1954),
248,Romain Gary,matched,exact_label,0.932,Q157322,Romain Gary,French writer and diplomat (1914–1980),
249,Émile Ajar,matched,alias,0.852,Q157322,Romain Gary,French writer and diplomat (1914–1980),
250,Milan Kundera,matched,exact_label,0.956,Q93166,Milan Kundera,Franco-Czechoslovak poet and novelist (1929—2023),
251,Bohumil Hrabal,matched,exact_label,0.926,Q242130,Bohumil Hrabal,Czech writer (1914–1997),
252,Jaroslav Hašek,matched,exact_label,0.949,Q2754,Jaroslav Hašek,"Czech humorist, satirist, writer and anarchist (1883-1923)",
253,Karel Čapek,matched,exact_label,0.955,Q155855,Karel Čapek,Czech writer (1890–1938),
254,Rainer Maria Rilke,matched,exact_label,0.963,Q76483,Rainer Maria Rilke,Austrian poet and writer (1875–1926),
255,Johann Wolfgang von Goethe,matched,exact_label,0.995,Q5879,Johann Wolfgang von Goethe,"German writer, artist, natural scientist and politician (1749–1832)",
256,Friedrich Schiller,matched,exact_label,0.977,Q22670,Friedrich Schiller,"German playwright, poet, philosopher and historian (1759–1805)",
257,Heinrich Heine,matched,exact_label,0.973,Q44403,Heinrich Heine,"German poet, writer and literary critic (1797–1856)",
258,Thomas Mann,matched,exact_label,0.972,Q37030,Thomas Mann,German novelist and Nobel Prize laureate (1875–1955),
259,Heinrich Mann,matched,exact_label,0.942,Q76480,Heinrich Mann,German writer (1871–1950),
260,Hermann Hesse,matched,exact_label,0.972,Q25973,Hermann Hesse,"Nobel Prize winning German-Swiss poet, novelist and painter (1877–1962)",
261,Günter Grass,matched,exact_label,0.964,Q6538,Günter Grass,"German novelist, poet, playwright, illustrator, graphic artist, and sculptor (1927-2015)",
262,W. G. Sebald,matched,exact_label,0.915,Q76952,W. G. Sebald,German writer and academic (1944-2001),
263,Christa Wolf,matched,exact_label,0.932,Q57382,Christa Wolf,German novelist and essayist (1929–2011),
264,Elfriede Jelinek,matched,exact_label,0.96,Q47243,Elfriede Jelinek,Austrian playwright and novelist,
265,Stefan Zweig,matched,exact_label,0.96,Q78491,Stefan Zweig,Austrian writer (1881–1942),
266,Arthur Schnitzler,matched,exact_label,0.943,Q44331,Arthur Schnitzler,Austrian writer (1862–1931),
267,Robert Musil,matched,exact_label,0.944,Q78487,Robert Musil,Austrian philosophical writer (1880–1942),
268,Joseph Roth,matched,exact_label,0.933,Q78509,Joseph Roth,Austrian novelist and journalist (1894–1939),
269,Peter Handke,matched,exact_label,0.947,Q44107,Peter Handke,"Austrian writer, playwright and film director (born 1942)",
270,Ingeborg Bachmann,matched,exact_label,0.927,Q78506,Ingeborg Bachmann,Austrian poet and author (1926–1973),
271,Herta Müller,matched,exact_label,0.961,Q38049,Herta Müller,"German-Romanian novelist, poet and essayist (born 1953)",
272,Olga Tokarczuk,matched,exact_label,0.951,Q254032,Olga Tokarczuk,Polish writer and activist (born 1962),
273,Wisława Szymborska,matched,exact_label,0.959,Q42552,Wisława Szymborska,"Polish poet, Nobel Prize winner (1923–2012)",
274,Czesław Miłosz,matched,exact_label,0.959,Q45970,Czesław Miłosz,Polish-American poet and Nobel laureate (1911–2004),
275,Henryk Sienkiewicz,matched,exact_label,0.965,Q41502,Henryk Sienkiewicz,"Polish writer, novelist, journalist, philanthropist and Nobel Prize laureate (1846–1916)",
276,Stanisław Lem,matched,exact_label,0.952,Q6530,Stanisław Lem,"Polish science fiction author, philosopher and futurologist, studied medical doctor (1921–2006)",
277,Witold Gombrowicz,matched,exact_label,0.928,Q275175,Witold Gombrowicz,Polish writer (1904–1969),
278,Bruno Schulz,matched,exact_label,0.926,Q148886,Bruno Schulz,Jewish novelist and painter (1892-1942),
279,Adam Mickiewicz,matched,exact_label,0.961,Q79822,Adam Mickiewicz,"Polish national poet, dramatist, essayist, publicist, translator, and political activist (1798-1855)",
280,Isaac Bashevis Singer,matched,exact_label,0.956,Q75612,Isaac Bashevis Singer,Polish-American writer (1904–1991),
281,Sholem Aleichem,matched,exact_label,0.933,Q238090,Sholem Aleichem,"Jewish writer and playwright of Yiddish, who worked in Russian Empire, Switzerland, Germany and the United States (1859-1916)",
282,S. Y. Agnon,matched,alias,0.869,Q133042,Shmuel Yosef Agnon,"Ukrainian-born Israeli Hebrew writer, Nobel laureate in Literature (1888–1970)",
283,Primo Levi,matched,exact_label,0.947,Q153670,Primo Levi,"Italian chemist, partisan, Holocaust survivor, and writer (1919–1987)",
284,Italo Calvino,matched,exact_label,0.945,Q154756,Italo Calvino,Italian journalist and writer (1923-1985),
285,Umberto Eco,matched,exact_label,0.968,Q12807,Umberto Eco,"Italian semiotician, essayist, philosopher, literary critic, and novelist (1932–2016)",
286,Elena Ferrante,matched,exact_label,0.922,Q368127,Elena Ferrante,pseudonymous Italian writer,
287,Dante Alighieri,matched,exact_label,0.994,Q1067,Dante Alighieri,"Florentine poet, writer, and philosopher (c. 1265–1321)",
288,Giovanni Boccaccio,matched,exact_label,0.968,Q1402,Giovanni Boccaccio,Italian author and poet (1313–1375),
289,Petrarch,matched,exact_label,0.972,Q1401,Petrarch,Italian scholar and poet (1304-1374),
290,Niccolò Machiavelli,matched,exact_label,0.986,Q1399,Niccolò Machiavelli,"Florentine statesman, diplomat, and political theorist (1469–1527)",
291,Luigi Pirandello,matched,exact_label,0.963,Q1403,Luigi Pirandello,"Italian dramatist, novelist, short story writer and poet (1867-1936)",
292,Giuseppe Tomasi di Lampedusa,matched,exact_label,0.93,Q213482,Giuseppe Tomasi di Lampedusa,Sicilian Prince and writer (1896-1957),
293,Cesare Pavese,matched,exact_label,0.941,Q2022,Cesare Pavese,"Italian writer, literary critic, and translator (1908–1950)",
294,Alberto Moravia,matched,exact_label,0.946,Q161933,Alberto Moravia,Italian writer and journalist (1907-1990),
295,Natalia Ginzburg,matched,exact_label,0.922,Q275985,Natalia Ginzburg,Italian writer (1916–1991),
296,Elsa Morante,matched,exact_label,0.922,Q275979,Elsa Morante,Italian novelist (1912–1985),
297,Italo Svevo,matched,exact_label,0.929,Q216478,Italo Svevo,Italian writer (1861-1928),
298,Dario Fo,matched,exact_label,0.954,Q765,Dario Fo,"Italian actor, playwright, comedian, singer-songwriter, theater director, painter, and political activist (1926-2016)",
299,Roberto Calasso,matched,exact_label,0.884,Q669956,Roberto Calasso,Italian writer (1941–2021),
300,Roberto Saviano,matched,exact_label,0.92,Q25163,Roberto Saviano,Italian journalist and writer (born 1979),
301,Orhan Pamuk,matched,exact_label,0.964,Q241248,Orhan Pamuk,"Turkish novelist, academic and Nobel laureate (born 1952)",
302,Elif Shafak,matched,exact_label,0.94,Q270739,Elif Şafak,Turkish writer (born 1971),
303,Yaşar Kemal,matched,exact_label,0.925,Q327142,Yaşar Kemal,Kurdish writer and human rights activist (1923–2015),
304,Nâzım Hikmet,matched,exact_label,0.941,Q184906,Nâzım Hikmet,"Turkish communist poet, playwright and novelist (1902–1963)",
305,Nikos Kazantzakis,matched,exact_label,0.945,Q214622,Nikos Kazantzakis,"Greek writer, poet and philosopher (1883-1957)",
306,Homer,matched,exact_label,0.994,Q6691,Homer,reputed author of the Iliad and the Odyssey,
307,Sophocles,matched,exact_label,0.983,Q7235,Sophocles,ancient Greek playwright,
308,Euripides,matched,exact_label,0.97,Q48305,Euripides,Classical Athenian playwright,
309,Aeschylus,matched,exact_label,0.969,Q40939,Aeschylus,ancient Athenian playwright,
310,Sappho,matched,exact_label,0.967,Q17892,Sappho,ancient Greek poet from Lesbos (c. 630-c. 570 BC),
311,Virgil,matched,exact_label,0.989,Q1398,Virgil,Roman poet (1st century BC),
312,Ovid,matched,exact_label,0.981,Q7198,Ovid,Roman poet (43 BC – 17/18 AD),
313,Horace,matched,exact_label,0.973,Q6197,Horace,Roman lyric poet (65 BC – 8 BC),
314,Seneca,matched,exact_label,0.97,Q2054,Seneca,"Roman Stoic philosopher, statesman and dramatist (c. 4 BCE–65 CE)",
315,Plutarch,matched,exact_label,0.971,Q41523,Plutarch,Greek philosopher and historian (c. AD 46 – after AD 119),
316,Søren Kierkegaard,matched,exact_label,0.973,Q6512,Søren Kierkegaard,"Danish theologian, philosopher, poet and social critic (1813–1855)",
317,Hans Christian Andersen,matched,exact_label,0.989,Q5673,Hans Christian Andersen,Danish writer and poet (1805–1875),
318,Karen Blixen,matched,exact_label,0.947,Q182804,Karen Blixen,Danish writer (1885-1962),
319,Isak Dinesen,matched,alias,0.867,Q182804,Karen Blixen,Danish writer (1885-1962),
320,Henrik Ibsen,matched,exact_label,0.973,Q36661,Henrik Ibsen,Norwegian playwright and theatre director (1828–1906),
321,Knut Hamsun,matched,exact_label,0.963,Q40826,Knut Hamsun,Norwegian novelist (1859–1952),
322,Sigrid Undset,matched,exact_label,0.957,Q80889,Sigrid Undset,Norwegian writer (1882–1949),
323,Jo Nesbø,matched,exact_label,0.929,Q202693,Jo Nesbø,"Norwegian novelist, musician and economist",
324,Karl Ove Knausgård,matched,exact_label,0.911,Q609317,Karl Ove Knausgård,Norwegian author,
325,Astrid Lindgren,matched,exact_label,0.957,Q55767,Astrid Lindgren,Swedish writer of fiction and screenplays (1907–2002),
326,August Strindberg,matched,exact_label,0.958,Q7724,August Strindberg,Swedish writer and painter (1849–1912),
327,Selma Lagerlöf,matched,exact_label,0.969,Q44519,Selma Lagerlöf,Swedish writer (1858–1940),
328,Tove Jansson,matched,exact_label,0.943,Q102071,Tove Jansson,Finnish children's writer and illustrator (1914–2001),
329,Mika Waltari,matched,exact_label,0.929,Q193111,Mika Waltari,Finnish writer (1908–1979),
330,Halldór Laxness,matched,exact_label,0.951,Q80321,Halldór Laxness,Icelandic author (1902-1998),
331,László Krasznahorkai,matched,exact_label,0.936,Q512062,László Krasznahorkai,Hungarian novelist and screenwriter,
332,Imre Kertész,matched,exact_label,0.952,Q47755,Imre Kertész,Hungarian author (1929–2016),
333,Sándor Márai,matched,exact_label,0.925,Q36951,Sándor Márai,Hungarian writer (1900–1989),
334,Mircea Cărtărescu,matched,exact_label,0.904,Q442931,Mircea Cărtărescu,Romanian writer,
335,Eugène Ionesco,matched,exact_label,0.952,Q46706,Eugène Ionesco,Romanian-French playwright (1909–1994),
336,Danilo Kiš,matched,exact_label,0.922,Q310562,Danilo Kiš,Serbian and Yugoslav novelist (1935–1989),
337,Ivo Andrić,matched,exact_label,0.958,Q47561,Ivo Andrić,Yugoslav novelist (1892–1975),
338,Ismail Kadare,matched,exact_label,0.944,Q179695,Ismail Kadare,Albanian writer (1936–2024),
339,Svetlana Alexievich,matched,exact_label,0.959,Q274334,Svetlana Alexievich,Belarusian investigative journalist and non-fiction prose writer (born 1948),
340,Andrey Platonov,matched,exact_label,0.924,Q315147,Andrei Platonov,Russian author (1899–1951),
341,Haruki Murakami,matched,exact_label,0.961,Q134798,Haruki Murakami,Japanese writer (born 1949),
342,Yukio Mishima,matched,exact_label,0.955,Q134456,Yukio Mishima,Japanese author (1925–1970),
343,Natsume Soseki,matched,exact_label,0.936,Q180903,Natsume Sōseki,Japanese novelist,
344,Banana Yoshimoto,matched,exact_label,0.919,Q238970,Banana Yoshimoto,Japanese writer,
345,Ryunosuke Akutagawa,matched,exact_label,0.949,Q186326,Ryūnosuke Akutagawa,Japanese writer (1892–1927),
346,Yasunari Kawabata,matched,exact_label,0.96,Q43736,Yasunari Kawabata,Japanese novelist (1899–1972),
347,Kenzaburō Ōe,matched,exact_label,0.953,Q80095,Kenzaburō Ōe,Japanese writer and Nobel Laureate (1935–2023),
348,Junichiro Tanizaki,matched,exact_label,0.918,Q316213,Jun'ichirō Tanizaki,Japanese author (1886–1965),
349,Murasaki Shikibu,matched,exact_label,0.971,Q81731,Murasaki Shikibu,Japanese novelist and poet (c.973–c.1014),
350,Sei Shōnagon,matched,exact_label,0.935,Q231603,Sei Shōnagon,Japanese author and court lady,
351,Kobo Abe,matched,exact_label,0.938,Q186273,Kōbō Abe,"Japanese writer, playwright, photographer and inventor",
352,Osamu Dazai,matched,exact_label,0.932,Q317685,Osamu Dazai,Japanese author,
353,Hiromi Kawakami,matched,exact_label,0.902,Q286701,Hiromi Kawakami,Japanese writer,
354,Sayaka Murata,matched,exact_label,0.898,Q11523472,Sayaka Murata,Japanese writer,
355,Mieko Kawakami,matched,exact_label,0.899,Q455930,Mieko Kawakami,Japanese novelist and singer,
356,Han Kang,matched,exact_label,0.95,Q5646626,Han Kang,South Korean writer,
357,Hwang Sok-yong,matched,exact_label,0.875,Q484947,Hwang Sok-yong,South Korean writer,
358,Cho Nam-joo,matched,exact_label,0.87,Q60713260,Cho Nam-joo,South Korean writer,
359,Kyung-sook Shin,matched,alias,0.818,Q384293,Shin Kyung-sook,South Korean writer,
360,Kim Young-ha,matched,exact_label,0.878,Q140135,Kim Young-ha,South Korean writer,
361,Liu Cixin,matched,exact_label,0.92,Q607588,Liu Cixin,Chinese science fiction writer,
362,Jin Yong,matched,exact_label,0.91,Q180626,Jin Yong,Hong Kong writer (1924-2018),
363,Mo Yan,matched,exact_label,0.954,Q8998,Mo Yan,Chinese novelist and screenwriter,
364,Lu Xun,matched,exact_label,0.961,Q23114,Lu Xun,Chinese novelist and essayist (1881–1936),
365,Lao She,matched,exact_label,0.921,Q315167,Lao She,"Chinese writer, novelist and playwright (1899-1966)",
366,Ba Jin,matched,exact_label,0.917,Q13005,Ba Jin,Chinese novelist and anarchist activist (1904-2005),
367,Eileen Chang,matched,exact_label,0.914,Q197155,Eileen Chang,"Chinese-born American essayist, novelist, and screenwriter (1920–1995)",
368,Yu Hua,matched,exact_label,0.909,Q379520,Yu Hua,Chinese writer (1960–),
369,Can Xue,matched,exact_label,0.882,Q1072531,Can Xue,"Chinese writer, literary critic, and tailor",
370,Qiu Xiaolong,matched,exact_label,0.875,Q610522,Qiu Xiaolong,Chinese-American writer,
371,Amy Tan,matched,exact_label,0.92,Q234989,Amy Tan,American novelist,
372,Maxine Hong Kingston,matched,exact_label,0.888,Q19330,Maxine Hong Kingston,Chinese American author,
373,R. K. Narayan,matched,exact_label,0.923,Q334252,R. K. Narayan,Indian English-language writer (1906–2001),
374,Rabindranath Tagore,matched,exact_label,0.989,Q7241,Rabindranath Tagore,"Bengali poet, philosopher and polymath (1861–1941)",
375,Arundhati Roy,matched,exact_label,0.948,Q212801,Arundhati Roy,"Indian novelist, essayist, and activist",
376,Vikram Seth,matched,exact_label,0.918,Q379762,Vikram Seth,Indian novelist and poet,
377,Amitav Ghosh,matched,exact_label,0.919,Q336125,Amitav Ghosh,Indian writer,
378,Jhumpa Lahiri,matched,exact_label,0.935,Q465208,Jhumpa Lahiri,American author of Indian origin (born 1967),
379,Kiran Desai,matched,exact_label,0.93,Q228589,Kiran Desai,Indian author,
380,Rohinton Mistry,matched,exact_label,0.891,Q732338,Rohinton Mistry,Indian-born Canadian writer (born 1952),
381,Anita Desai,matched,exact_label,0.92,Q268495,Anita Desai,"Indian novelist, University professor (born 1937)",
382,Mulk Raj Anand,matched,exact_label,0.913,Q732434,Mulk Raj Anand,Indian English writer (1905–2004),
383,Premchand,matched,exact_label,0.941,Q174152,Premchand,Indian writer of Hindi and Urdu fiction (1880–1936); pioneer of social realism in Hindustani literature,
384,Saadat Hasan Manto,matched,exact_label,0.903,Q156501,Saadat Hasan Manto,"Indo-Pakistani novelist, playwright and writer (1912-1955)",
385,Ismat Chughtai,matched,exact_label,0.893,Q3080325,Ismat Chughtai,Indian writer (1911-1991),
386,Bapsi Sidhwa,matched,exact_label,0.886,Q2020488,Bapsi Sidhwa,Pakistani American author,
387,Kamila Shamsie,matched,exact_label,0.906,Q3087962,Kamila Shamsie,Pakistani and British writer and novelist (born 1973),
388,Mohsin Hamid,matched,exact_label,0.895,Q3243146,Mohsin Hamid,Pakistani novelist,
389,Nadeem Aslam,matched,exact_label,0.88,Q1963189,Nadeem Aslam,British writer,
390,Khaled Hosseini,matched,exact_label,0.944,Q193116,Khaled Hosseini,Afghan novelist,
391,Elif Batuman,matched,exact_label,0.878,Q5360799,Elif Batuman,American writer and academic,
392,Naguib Mahfouz,matched,exact_label,0.974,Q7176,Naguib Mahfouz,Egyptian writer (1911–2006),
393,Alaa Al Aswany,matched,exact_label,0.9,Q467869,Alaa Al Aswany,Egyptian writer,
394,Tayeb Salih,matched,alias,0.829,Q561434,al-Tayyib Salih,Sudanese novelist and short story writer (1929–2009),
395,Leila Aboulela,matched,exact_label,0.899,Q290220,Leila Aboulela,Sudanese writer and playwright,
396,Hanan al-Shaykh,matched,exact_label,0.884,Q290143,Hanan al-Shaykh,Lebanese writer,
397,Nawal El Saadawi,matched,exact_label,0.936,Q238514,Nawal El Saadawi,Egyptian feminist writer (1931–2021),
398,Ahdaf Soueif,matched,exact_label,0.882,Q4115654,Ahdaf Soueif,Egyptian novelist,
399,Ghassan Kanafani,matched,exact_label,0.921,Q369696,Ghassan Kanafani,Palestinian writer (1936–1972),
400,Mahmoud Darwish,matched,exact_label,0.938,Q207720,Mahmoud Darwish,"The national Palestinian poet, and author (1941–2008)",
401,Adonis,matched,exact_label,0.925,Q380787,Adunis,"Syrian poet, writer and translator (born 1930)",
402,Amin Maalouf,matched,exact_label,0.936,Q115243,Amin Maalouf,Francophone Lebanese writer based in Frances,
403,Kahlil Gibran,matched,exact_label,0.97,Q47737,Kahlil Gibran,"Lebanese-American writer, poet, and painter (1883–1931)",
404,Rumi,matched,exact_label,0.971,Q43347,Rumi,Iranian poet,
405,Omar Khayyam,matched,exact_label,0.973,Q35900,Omar Khayyám,Persian mathematician and poet (1048–1131),
406,Ferdowsi,matched,exact_label,0.961,Q43459,Ferdowsi,"Persian poet, author of Shahnameh (940–1020)",
407,Hafez,matched,exact_label,0.972,Q6240,Hafez,Persian poet and mystic (1325–1389),
408,Saadi Shirazi,matched,alias,0.878,Q170302,Saadi,Persian poet,
409,Sadegh Hedayat,matched,exact_label,0.924,Q315017,Sadegh Hedayat,Iranian writer,
410,Forough Farrokhzad,matched,alias,0.848,Q464394,Forugh Farrokhzad,Iranian poet (1935-1967),
411,Shahrnush Parsipur,matched,exact_label,0.888,Q290306,Shahrnush Parsipur,Iranian novelist,
412,Marjane Satrapi,matched,exact_label,0.758,Q126633,Marjane Satrapi,"Iranian-French graphic novelist, cartoonist, illustrator, film director, and children's book author (1969–2026)",
413,Sabahattin Ali,matched,exact_label,0.912,Q982838,Sabahattin Ali,Turkish novelist (1907–1948),
414,Ahmet Hamdi Tanpınar,matched,exact_label,0.899,Q401875,Ahmet Hamdi Tanpınar,"Turkish poet, novelist, literary scholar and essayist (1901–1962)",
415,Bilge Karasu,matched,exact_label,0.861,Q6841352,Bilge Karasu,Turkish writer (1930–1995),
416,Amos Oz,matched,exact_label,0.932,Q151872,Amos Oz,"Israeli writer, novelist, journalist and intellectual (1939–2018)",
417,David Grossman,matched,exact_label,0.923,Q160263,David Grossman,Israeli author (born 1954),
418,A. B. Yehoshua,matched,exact_label,0.907,Q329758,A. B. Yehoshua,Israeli writer (1936–2022),
419,Etgar Keret,matched,exact_label,0.913,Q378882,Etgar Keret,Israeli writer and screenwriter,
420,Meir Shalev,matched,exact_label,0.896,Q265855,Meir Shalev,Israeli writer (1948–2023),
421,Abraham Verghese,matched,exact_label,0.868,Q1446797,Abraham Verghese,"American physician, teacher, novelist",
422,Viet Thanh Nguyen,matched,exact_label,0.899,Q23887092,Viet Thanh Nguyen,American author of fiction,
423,Ocean Vuong,matched,exact_label,0.888,Q18355929,Ocean Vuong,"Vietnamese American poet, essayist and novelist (born 1988)",
424,Nguyễn Du,matched,exact_label,0.908,Q313322,Nguyễn Du,Vietnamese poet (1765-1820),
425,Bao Ninh,matched,exact_label,0.858,Q484988,Bao Ninh,Vietnamese novelist,
426,Nguyễn Phan Quế Mai,matched,exact_label,0.85,Q111472131,Nguyễn Phan Quế Mai,Vietnamese poet and author,
427,Pramoedya Ananta Toer,matched,exact_label,0.916,Q326935,Pramoedya Ananta Toer,Indonesian writer (1925–2006),
428,Eka Kurniawan,matched,exact_label,0.884,Q2321261,Eka Kurniawan,Indonesian writer,
429,Andrea Hirata,matched,exact_label,0.868,Q4755130,Andrea Hirata,Indonesian writer,
430,Tash Aw,matched,exact_label,0.85,Q2394979,Tash Aw,Malaysian writer (1971–),
431,Shamini Flint,matched,exact_label,0.81,Q7487568,Shamini Flint,author based in Singapore,
432,Tan Twan Eng,matched,exact_label,0.868,Q7662663,Tan Twan Eng,Malaysian writer,
433,Nick Joaquin,matched,exact_label,0.868,Q1977234,Nick Joaquin,Filipino writer (1917–2004),
434,José Rizal,matched,exact_label,0.945,Q1500,José Rizal,"Filipino nationalist, writer and polymath (1861–1896)",
435,Lualhati Bautista,matched,exact_label,0.873,Q3547747,Lualhati Bautista,Filipino novelist (1945-2023),
436,F. Sionil José,matched,exact_label,0.888,Q558252,F. Sionil José,Filipino writer (1924–2022),
437,Miguel Syjuco,matched,exact_label,0.84,Q1768256,Miguel Syjuco,Filipino writer,
438,Ma Jian,matched,exact_label,0.882,Q389454,Ma Jian,Chinese-born British writer (1953-),
439,Xue Xinran,matched,exact_label,0.875,Q463334,Xue Xinran,British-Chinese journalist,
440,Jung Chang,matched,exact_label,0.906,Q235291,Jung Chang,Chinese-British author (born 1952),
441,Yuval Noah Harari,matched,exact_label,0.945,Q2484404,Yuval Noah Harari,Israeli historian and author of popular science bestsellers,
442,Hannah Arendt,matched,exact_label,0.96,Q60025,Hannah Arendt,German-American political theorist and philosopher (1906–1975),
443,Simone Weil,matched,exact_label,0.949,Q157309,Simone Weil,"French philosopher, writer, and social activist (1909–1943)",
444,Michel Foucault,matched,exact_label,0.961,Q44272,Michel Foucault,French philosopher (1926–1984),
445,Jacques Derrida,matched,exact_label,0.95,Q130631,Jacques Derrida,French philosopher (1930–2004),
446,Roland Barthes,matched,exact_label,0.943,Q179109,Roland Barthes,French philosopher and essayist (1915–1980),
447,Edward Said,matched,exact_label,0.946,Q201538,Edward Said,Palestinian-American professor (1935–2003),
448,Noam Chomsky,matched,exact_label,0.978,Q9049,Noam Chomsky,American linguist and activist (born 1928),
449,Susan Sontag,matched,exact_label,0.948,Q152824,Susan Sontag,"American writer and filmmaker, professor, and activist (1933–2004)",
450,Rebecca Solnit,matched,exact_label,0.903,Q2134968,Rebecca Solnit,American writer,
451,bell hooks,matched,exact_label,0.929,Q259507,bell hooks,American author and activist (1952–2021),
452,Judith Butler,matched,exact_label,0.945,Q219368,Judith Butler,American feminist gender studies philosopher (born 1956),
453,Mary Beard,matched,override,1.0,Q458403,Mary Beard,English classicist (born 1955),"override manual: Clasicista británica, autora de SPQR (38 sitelinks). Alternativa descartada: Mary Ritter Beard, Q6780609, historiadora estadounidense (28 sitelinks). El seed la agrupa con divulgación contemporánea (Harari, Diamond)"
454,Jared Diamond,matched,exact_label,0.933,Q205772,Jared Diamond,"American scientist, historian, and author (born 1937)",
455,Stephen Hawking,matched,exact_label,0.981,Q17714,Stephen Hawking,"British theoretical physicist, cosmologist and author (1942–2018)",
456,Carl Sagan,matched,exact_label,0.966,Q410,Carl Sagan,"American astrophysicist, cosmologist and author (1934–1996)",
457,Richard Dawkins,matched,exact_label,0.964,Q44461,Richard Dawkins,"English ethologist, evolutionary biologist and author (born 1941)",
458,Oliver Sacks,matched,exact_label,0.926,Q258662,Oliver Sacks,British neurologist and writer (1933–2015),
459,Atul Gawande,matched,exact_label,0.89,Q2751383,Atul Gawande,American surgeon,
460,Malcolm Gladwell,matched,exact_label,0.912,Q318429,Malcolm Gladwell,Canadian journalist and science writer,
461,Nassim Nicholas Taleb,matched,exact_label,0.924,Q333521,Nassim Nicholas Taleb,"Lebanese-American mathematical statistician, option trader, risk analyst and author (born 1960)",
462,Daniel Kahneman,matched,exact_label,0.94,Q233950,Daniel Kahneman,Israeli-American psychologist and economist (1934–2024),
463,Steven Pinker,matched,exact_label,0.93,Q212730,Steven Pinker,"Canadian-American cognitive psychologist, linguist, and author, an advocate of evolutionary psychology and the computational theory of the mind",
464,Rachel Carson,matched,exact_label,0.955,Q100948,Rachel Carson,American marine biologist and conservationist (1907–1964),
465,Jane Goodall,matched,exact_label,0.784,Q184746,Jane Goodall,English primatologist and anthropologist (1934–2025),
466,Anne Frank,matched,exact_label,0.973,Q4583,Anne Frank,German-born Dutch Jewish diarist and Holocaust victim (1929–1945),
467,Viktor Frankl,matched,exact_label,0.941,Q154723,Viktor Frankl,"Austrian Holocaust survivor, psychiatrist, philosopher and author (1905–1997)",
468,Elie Wiesel,matched,exact_label,0.953,Q18391,Elie Wiesel,"Romanian-born American writer, professor, political activist, Nobel laureate, and Holocaust survivor (1928-2016)",
469,Thich Nhat Hanh,matched,exact_label,0.931,Q310913,Thích Nhất Hạnh,Vietnamese Buddhist monk and activist (1926–2022),
470,Laozi,matched,exact_label,0.983,Q9333,Laozi,"6th-century BC semi-legendary Chinese philosopher, founder of Taoism",
471,Confucius,matched,exact_label,1.0,Q4604,Confucius,5th-century BCE Chinese philosopher and politician,
472,Sun Tzu,matched,exact_label,0.972,Q37151,Sun Tzu,6th century BCE Chinese general and military strategist,
473,Marcus Aurelius,matched,exact_label,0.975,Q1430,Marcus Aurelius,16th Roman Emperor from 161 to 180 and Stoic philosopher,
474,Plato,matched,exact_label,0.998,Q859,Plato,4th-century BCE Greek philosopher,
475,Aristotle,matched,exact_label,1.0,Q868,Aristotle,Greek philosopher,
476,Herodotus,matched,exact_label,0.98,Q26825,Herodotus,Greek historian and geographer (c. 484–c. 425 BC),
477,Thucydides,matched,exact_label,0.963,Q41683,Thucydides,5th-century BC Athenian historian and general,
478,Mary Renault,matched,exact_label,0.9,Q235354,Mary Renault,English novelist (1905–1983),
479,Anne Rice,matched,exact_label,0.937,Q184785,Anne Rice,American author (1941–2021),
480,Neil Gaiman,matched,exact_label,0.942,Q210059,Neil Gaiman,English writer (born 1960),
481,Terry Pratchett,matched,exact_label,0.952,Q46248,Terry Pratchett,English fantasy author (1948–2015),
482,Douglas Adams,matched,exact_label,0.962,Q42,Douglas Adams,British science fiction writer and humorist (1952–2001),
483,George R. R. Martin,matched,exact_label,0.956,Q181677,George R. R. Martin,American writer and television producer (born 1948),
484,Brandon Sanderson,matched,exact_label,0.919,Q457608,Brandon Sanderson,American fantasy writer (born 1975),
485,Diana Wynne Jones,matched,exact_label,0.92,Q236829,Diana Wynne Jones,English children's fantasy writer (1934–2011),
486,Philip Pullman,matched,exact_label,0.938,Q190220,Philip Pullman,English author,
487,Roald Dahl,matched,exact_label,0.954,Q25161,Roald Dahl,British writer and poet (1916–1990),
488,Beatrix Potter,matched,exact_label,0.944,Q214565,Beatrix Potter,British children's writer and illustrator (1866–1943),
489,Dr. Seuss,matched,exact_label,0.94,Q298685,Dr. Seuss,American children's author and cartoonist (1904–1991),
490,Theodor Seuss Geisel,matched,alias,0.86,Q298685,Dr. Seuss,American children's author and cartoonist (1904–1991),
491,Maurice Sendak,matched,exact_label,0.922,Q314771,Maurice Sendak,American illustrator and writer of children's books (1928-2012),
492,Shel Silverstein,matched,exact_label,0.911,Q361257,Shel Silverstein,"American poet, cartoonist, songwriter, and children's writer (1930–1999)",
493,Enid Blyton,matched,exact_label,0.946,Q192069,Enid Blyton,English author (1897–1968),
494,Michael Ende,matched,exact_label,0.937,Q76498,Michael Ende,German writer (1929–1995),
495,Cornelia Funke,matched,exact_label,0.919,Q57971,Cornelia Funke,German author (born 1958),
496,Jostein Gaarder,matched,exact_label,0.939,Q185548,Jostein Gaarder,Norwegian author (born 1952),
497,Elena Fortún,matched,exact_label,0.865,Q5359012,Elena Fortún,Spanish writer (1886-1952),
498,Gloria Fuertes,matched,exact_label,0.89,Q3323486,Gloria Fuertes,Spanish writer (1917–1998),
499,Anonymous,not_a_person,rule,,,,,"nombre genérico, no es una persona"
500,Various Authors,not_a_person,rule,,,,,"nombre genérico, no es una persona"
